{
  "N": 997,
  "stage1": {
    "weights": {
      "ewma_90": 0.22474713505982327,
      "ewma_94": 0.7426550344601728,
      "ewma_97": 0.032597822322587,
      "rv_1m": 2.6788664489251665e-09,
      "rv_5m": 1.4252731944996408e-09,
      "park_1h": 2.1365911853154228e-09,
      "seasonal": 1.916686355761336e-09
    },
    "nll": -565.2648090495127,
    "convergence_rate": 0.25,
    "g1_pass": false,
    "g4_ewma_sum": 0.999999991842583
  },
  "stage2a": {
    "weights": {
      "ewma_90": 0.5298158224544356,
      "ewma_94": 2.4055071381382958e-05,
      "ewma_97": 0.30759533895168845,
      "rv_1m": 0.03174140619555048,
      "rv_5m": 2.4055071381382958e-05,
      "park_1h": 0.05308979889715293,
      "seasonal": 0.0777095233584097
    },
    "nll": -706.944188933405,
    "convergence_rate": 0.05,
    "theta_h": [
      0.07267239150690365,
      0.0
    ],
    "theta_rho": 0.0,
    "theta_c": [
      0.1,
      -0.5
    ]
  },
  "stage2b": {
    "weights": {
      "ewma_90": 0.054935747587119756,
      "ewma_94": 3.1374634316016604e-05,
      "ewma_97": 0.09692867619847087,
      "rv_1m": 0.001378931514546739,
      "rv_5m": 3.292960012021916e-05,
      "park_1h": 0.29129723290651915,
      "seasonal": 0.5553951075589071
    },
    "nll": -833.6404768091571,
    "theta_h": [
      0.032582664724614394,
      0.5096835504653309
    ],
    "theta_rho": 0.0,
    "theta_c": [
      0.0,
      -0.5
    ],
    "g3_rmse_train": 0.16107433341561944,
    "g3_rmse_test": 0.1677614434930494,
    "g3_ratio": 1.0415156774864636
  }
}